,date,mean
0,2018-03-12,488.5625
1,2018-03-09,493.6875
2,2018-03-08,497.375
3,2018-03-07,502.3125
4,2018-03-06,504.0
5,2018-03-05,505.0625
6,2018-03-02,506.6875
7,2018-03-01,504.6875
8,2018-02-28,486.5
9,2018-02-27,475.9375
10,2018-02-26,471.75
11,2018-02-23,452.4375
12,2018-02-22,448.8125
13,2018-02-21,448.5625
14,2018-02-20,454.875
15,2018-02-19,458.0
16,2018-02-18,458.0
17,2018-02-16,460.1875
18,2018-02-15,458.125
19,2018-02-14,456.8125
20,2018-02-13,462.4375
21,2018-02-12,458.3125
22,2018-02-09,452.625
23,2018-02-08,458.375
24,2018-02-07,454.0625
25,2018-02-06,443.8125
26,2018-02-05,443.6875
27,2018-02-04,447.0
28,2018-02-02,448.625
29,2018-02-01,449.375
30,2018-01-31,453.9375
31,2018-01-30,453.5625
32,2018-01-29,446.4375
33,2018-01-26,438.3125
34,2018-01-25,433.75
35,2018-01-24,427.1875
36,2018-01-23,423.125
37,2018-01-22,425.125
38,2018-01-19,424.375
39,2018-01-18,423.3125
40,2018-01-17,419.0625
41,2018-01-16,418.1875
42,2018-01-12,427.3125
43,2018-01-11,432.6875
44,2018-01-10,433.0625
45,2018-01-09,429.5
46,2018-01-08,428.8125
47,2018-01-05,431.4375
48,2018-01-04,433.875
49,2018-01-03,434.5625
50,2018-01-02,432.3125
51,2017-12-29,426.5625
52,2017-12-28,426.9375
53,2017-12-27,424.625
54,2017-12-26,423.625
55,2017-12-22,426.25
56,2017-12-21,425.375
57,2017-12-20,420.845
58,2017-12-19,421.125
59,2017-12-18,421.125
60,2017-12-15,418.5
61,2017-12-14,418.0625
62,2017-12-13,414.375
63,2017-12-12,413.6875
64,2017-12-11,415.1875
65,2017-12-08,420.53
66,2017-12-07,422.9375
67,2017-12-06,429.03
68,2017-12-05,433.7175
69,2017-12-04,438.125
70,2017-12-01,435.5625
71,2017-11-30,435.0325
72,2017-11-29,432.375
73,2017-11-28,428.625
74,2017-11-27,412.43499999999995
75,2017-11-24,417.8125
76,2017-11-22,423.595
77,2017-11-21,423.875
78,2017-11-20,424.03
79,2017-11-17,424.7175
80,2017-11-16,421.625
81,2017-11-15,423.3125
82,2017-11-14,426.5
83,2017-11-13,427.5
84,2017-11-10,430.8125
85,2017-11-09,427.8125
86,2017-11-08,424.9375
87,2017-11-07,428.0
88,2017-11-06,429.375
89,2017-11-03,426.0625
90,2017-11-02,422.1875
91,2017-11-01,418.9675
92,2017-10-31,421.75
93,2017-10-30,425.6875
94,2017-10-27,428.625
95,2017-10-26,434.0
96,2017-10-25,437.625
97,2017-10-24,436.845
98,2017-10-23,431.3125
99,2017-10-20,430.0325
100,2017-10-19,432.25
101,2017-10-18,432.375
102,2017-10-17,436.4375
103,2017-10-16,438.75
104,2017-10-13,435.6875
105,2017-10-12,432.4375
106,2017-10-11,433.5625
107,2017-10-10,436.56500000000005
108,2017-10-09,440.625
109,2017-10-06,442.3125
110,2017-10-05,441.625
111,2017-10-04,445.625
112,2017-10-03,446.5625
113,2017-10-02,444.53
114,2017-09-29,452.1875
115,2017-09-28,458.03
116,2017-09-27,456.875
117,2017-09-26,455.125
118,2017-09-25,449.845
119,2017-09-22,451.2825
120,2017-09-21,451.125
121,2017-09-20,446.75
122,2017-09-19,442.0625
123,2017-09-18,446.47
124,2017-09-15,445.845
125,2017-09-14,444.5625
126,2017-09-13,444.905
127,2017-09-12,437.125
128,2017-09-11,436.25
129,2017-09-08,438.25
130,2017-09-07,441.625
131,2017-09-06,443.75
132,2017-09-05,442.625
133,2017-09-01,436.9375
134,2017-08-31,432.9975
135,2017-08-30,430.9375
136,2017-08-29,427.5
137,2017-08-28,431.5
138,2017-08-25,410.28
139,2017-08-24,406.125
140,2017-08-23,404.27750000000003
141,2017-08-22,407.25
142,2017-08-21,412.875
143,2017-08-18,415.3425
144,2017-08-17,417.1875
145,2017-08-16,425.4075
146,2017-08-15,434.5625
147,2017-08-14,436.8125
148,2017-08-11,439.8425
149,2017-08-10,449.97
150,2017-08-09,458.0
151,2017-08-08,460.8125
152,2017-08-07,460.125
153,2017-08-04,457.22
154,2017-08-03,459.1575
155,2017-08-02,461.8125
156,2017-08-01,468.1575
157,2017-07-31,475.375
158,2017-07-28,482.0
159,2017-07-27,480.9075
160,2017-07-26,476.875
161,2017-07-25,484.2175
162,2017-07-24,490.87750000000005
163,2017-07-21,503.6875
164,2017-07-20,503.75
165,2017-07-19,504.25
166,2017-07-18,508.875
167,2017-07-17,507.375
168,2017-07-14,513.3125
169,2017-07-13,522.435
170,2017-07-12,543.375
171,2017-07-11,552.375
172,2017-07-10,546.9675
173,2017-07-07,537.125
174,2017-07-06,547.7825
175,2017-07-05,557.905
176,2017-07-03,546.78
177,2017-06-30,511.8125
178,2017-06-29,485.0325
179,2017-06-28,471.5625
180,2017-06-27,468.1875
181,2017-06-26,469.0
182,2017-06-23,462.1875
183,2017-06-22,461.875
184,2017-06-21,469.095
185,2017-06-20,469.875
186,2017-06-19,465.375
187,2017-06-16,461.625
188,2017-06-15,447.8725
189,2017-06-14,445.7175
190,2017-06-13,441.25
191,2017-06-12,438.1575
192,2017-06-09,447.6875
193,2017-06-08,449.7175
194,2017-06-07,442.3125
195,2017-06-06,434.125
196,2017-06-05,429.4375
197,2017-06-02,429.375
198,2017-06-01,427.875
199,2017-05-31,431.875
200,2017-05-30,433.5325
201,2017-05-26,434.375
202,2017-05-25,432.6875
203,2017-05-24,430.8125
204,2017-05-23,431.905
205,2017-05-22,437.5
206,2017-05-19,431.1875
207,2017-05-18,426.25
208,2017-05-17,425.9375
209,2017-05-16,423.4375
210,2017-05-15,426.8125
211,2017-05-12,434.0
212,2017-05-11,432.53
213,2017-05-10,430.75
214,2017-05-09,431.6875
215,2017-05-08,437.3125
216,2017-05-05,440.5
217,2017-05-04,446.0
218,2017-05-03,451.9375
219,2017-05-02,455.4375
220,2017-05-01,448.22
221,2017-04-28,432.125
222,2017-04-27,429.0625
223,2017-04-26,428.0
224,2017-04-25,422.9375
225,2017-04-24,421.5625
226,2017-04-21,404.9375
227,2017-04-20,413.4675
228,2017-04-19,421.0
229,2017-04-18,421.8125
230,2017-04-17,425.6875
231,2017-04-13,431.9375
232,2017-04-12,433.72
233,2017-04-11,430.28
234,2017-04-10,426.0
235,2017-04-07,422.8425
236,2017-04-06,426.25
237,2017-04-05,428.1875
238,2017-04-04,427.9375
239,2017-04-03,430.625
240,2017-03-31,424.0
241,2017-03-30,422.9375
242,2017-03-29,425.0
243,2017-03-28,422.6875
244,2017-03-27,422.75
245,2017-03-24,423.25
246,2017-03-23,422.0
247,2017-03-22,424.6225
248,2017-03-21,427.625
249,2017-03-20,435.7175
250,2017-03-17,435.7175
251,2017-03-16,437.1875
252,2017-03-15,433.75
253,2017-03-14,431.375
254,2017-03-13,435.75
255,2017-03-10,442.5325
256,2017-03-09,446.1875
257,2017-03-08,451.875
258,2017-03-07,456.8125
259,2017-03-06,458.625
260,2017-03-03,452.25
261,2017-03-02,455.155
262,2017-03-01,450.0
263,2017-02-28,444.5325
264,2017-02-27,443.0625
265,2017-02-24,435.0325
266,2017-02-23,439.8425
267,2017-02-22,439.3125
268,2017-02-21,438.0
269,2017-02-17,443.8425
270,2017-02-16,453.4375
271,2017-02-15,451.4375
272,2017-02-14,449.78
273,2017-02-13,450.0
274,2017-02-10,446.125
275,2017-02-09,436.9375
276,2017-02-08,430.9375
277,2017-02-07,425.75
278,2017-02-06,426.9375
279,2017-02-03,432.845
280,2017-02-02,433.9375
281,2017-02-01,426.0
282,2017-01-31,417.6875
283,2017-01-30,415.9675
284,2017-01-27,423.5625
285,2017-01-26,425.9675
286,2017-01-25,425.44
287,2017-01-24,430.5625
288,2017-01-23,430.6875
289,2017-01-20,425.1875
290,2017-01-19,427.125
291,2017-01-18,431.8125
292,2017-01-17,430.03
293,2017-01-13,424.8125
294,2017-01-12,422.25250000000005
295,2017-01-11,420.5625
296,2017-01-10,426.0625
297,2017-01-09,425.155
298,2017-01-06,424.6875
299,2017-01-05,422.0625
300,2017-01-04,411.875
301,2017-01-03,408.78499999999997
302,2016-12-30,406.875
303,2016-12-29,404.5
304,2016-12-28,405.5
305,2016-12-27,402.875
306,2016-12-23,395.72
307,2016-12-22,398.25
308,2016-12-21,401.5
309,2016-12-20,404.3125
310,2016-12-19,408.5625
311,2016-12-16,408.125
312,2016-12-15,413.375
313,2016-12-14,416.5625
314,2016-12-13,417.4675
315,2016-12-12,414.375
316,2016-12-09,411.4075
317,2016-12-08,405.345
318,2016-12-07,403.8125
319,2016-12-06,408.9375
320,2016-12-05,407.125
321,2016-12-02,400.125
322,2016-12-01,399.3125
323,2016-11-30,407.375
324,2016-11-29,411.75
325,2016-11-28,418.5625
326,2016-11-25,399.655
327,2016-11-23,403.0925
328,2016-11-22,408.6875
329,2016-11-21,409.125
330,2016-11-18,405.5625
331,2016-11-17,401.125
332,2016-11-16,398.75
333,2016-11-15,397.1875
334,2016-11-14,398.5
335,2016-11-11,404.125
336,2016-11-10,407.5625
337,2016-11-09,411.375
338,2016-11-08,413.2825
339,2016-11-07,411.28
340,2016-11-04,412.9375
341,2016-11-03,414.6875
342,2016-11-02,416.345
343,2016-11-01,414.8125
344,2016-10-31,413.0
345,2016-10-28,412.2175
346,2016-10-27,414.375
347,2016-10-26,408.0925
348,2016-10-25,403.47
349,2016-10-24,408.6575
350,2016-10-21,415.75
351,2016-10-20,418.8425
352,2016-10-19,419.155
353,2016-10-18,422.125
354,2016-10-17,421.1875
355,2016-10-14,419.9375
356,2016-10-13,407.1875
357,2016-10-12,403.1575
358,2016-10-11,405.375
359,2016-10-10,401.0325
360,2016-10-07,396.9375
361,2016-10-06,401.5
362,2016-10-05,400.3125
363,2016-10-04,395.6875
364,2016-10-03,397.6875
365,2016-09-30,398.6575
366,2016-09-29,401.5625
367,2016-09-28,404.345
368,2016-09-27,400.375
369,2016-09-26,400.5625
370,2016-09-23,405.095
371,2016-09-22,407.0
372,2016-09-21,406.1875
373,2016-09-20,405.125
374,2016-09-19,404.4375
375,2016-09-16,400.345
376,2016-09-15,401.625
377,2016-09-14,400.625
378,2016-09-13,404.5325
379,2016-09-12,405.3125
380,2016-09-09,402.905
381,2016-09-08,403.5625
382,2016-09-07,400.78
383,2016-09-06,398.5
384,2016-09-02,397.375
385,2016-09-01,393.28
386,2016-08-31,390.7825
387,2016-08-30,395.5
388,2016-08-29,401.9375
389,2016-08-26,392.1875
390,2016-08-25,403.87750000000005
391,2016-08-24,406.1575
392,2016-08-23,411.0625
393,2016-08-22,421.5925
394,2016-08-19,427.28
395,2016-08-18,424.9375
396,2016-08-17,424.44
397,2016-08-16,421.78499999999997
398,2016-08-15,422.9675
399,2016-08-12,416.995
400,2016-08-11,418.5325
401,2016-08-10,420.0
402,2016-08-09,415.8125
403,2016-08-08,417.9375
404,2016-08-05,410.47
405,2016-08-04,408.81
406,2016-08-03,407.25
407,2016-08-02,404.095
408,2016-08-01,409.1875
409,2016-07-29,408.7175
410,2016-07-28,413.25
411,2016-07-27,416.4675
412,2016-07-26,420.94000000000005
413,2016-07-25,428.5625
414,2016-07-22,419.6575
415,2016-07-21,415.125
416,2016-07-20,415.375
417,2016-07-19,422.6875
418,2016-07-18,427.5925
419,2016-07-15,431.375
420,2016-07-14,438.8775
421,2016-07-13,442.22
422,2016-07-12,432.9375
423,2016-07-11,434.095
424,2016-07-08,431.5625
425,2016-07-07,429.8125
426,2016-07-06,429.1875
427,2016-07-05,427.8125
428,2016-07-01,437.4375
429,2016-06-30,446.3125
430,2016-06-29,451.6575
431,2016-06-28,460.095
432,2016-06-27,463.0
433,2016-06-24,451.25
434,2016-06-23,457.125
435,2016-06-22,460.6875
436,2016-06-21,466.4675
437,2016-06-20,476.0625
438,2016-06-17,477.375
439,2016-06-16,475.1575
440,2016-06-15,482.4075
441,2016-06-14,487.72
442,2016-06-13,496.25
443,2016-06-10,502.78
444,2016-06-09,513.22
445,2016-06-08,514.72
446,2016-06-07,507.625
447,2016-06-06,504.5
448,2016-06-03,490.5625
449,2016-06-02,479.875
450,2016-06-01,468.7525
451,2016-05-31,473.0
452,2016-05-27,481.6575
453,2016-05-26,473.375
454,2016-05-25,465.595
455,2016-05-24,463.875
456,2016-05-23,465.0625
457,2016-05-20,468.9375
458,2016-05-19,472.5625
459,2016-05-18,481.0325
460,2016-05-17,478.1875
461,2016-05-16,473.5
462,2016-05-13,471.375
463,2016-05-12,462.81
464,2016-05-11,460.5625
465,2016-05-10,460.9075
466,2016-05-09,460.5625
467,2016-05-06,464.905
468,2016-05-05,466.72
469,2016-05-04,472.3425
470,2016-05-03,480.1575
471,2016-05-02,486.3425
472,2016-04-29,486.125
473,2016-04-28,487.0
474,2016-04-27,484.8125
475,2016-04-26,482.28
476,2016-04-25,476.22
477,2016-04-22,479.7175
478,2016-04-21,500.2825
479,2016-04-20,494.3125
480,2016-04-19,479.375
481,2016-04-18,467.8125
482,2016-04-15,459.1875
483,2016-04-14,460.25
484,2016-04-13,458.2175
485,2016-04-12,451.2175
486,2016-04-11,452.2525
487,2016-04-08,459.5
488,2016-04-07,460.655
489,2016-04-06,467.75
490,2016-04-05,473.8125
491,2016-04-04,475.095
492,2016-04-01,472.9375
493,2016-03-31,467.345
494,2016-03-30,470.25
495,2016-03-29,474.1875
496,2016-03-28,469.625
497,2016-03-24,462.4075
498,2016-03-23,465.19000000000005
499,2016-03-22,466.9075
500,2016-03-21,467.72
501,2016-03-18,462.03499999999997
502,2016-03-17,467.62750000000005
503,2016-03-16,473.625
504,2016-03-15,476.77750000000003
505,2016-03-14,476.62749999999994
506,2016-03-11,475.69000000000005
507,2016-03-10,471.6925
508,2016-03-09,465.55999999999995
509,2016-03-08,462.3125
510,2016-03-07,464.59749999999997
511,2016-03-04,460.37750000000005
512,2016-03-03,455.0
513,2016-03-02,447.72
514,2016-03-01,449.9375
515,2016-02-29,453.75250000000005
516,2016-02-26,452.8125
517,2016-02-25,452.7175
518,2016-02-24,452.43500000000006
519,2016-02-23,460.15999999999997
520,2016-02-22,464.47249999999997
521,2016-02-19,462.095
522,2016-02-18,465.375
523,2016-02-17,466.5325
524,2016-02-16,462.50250000000005
525,2016-02-12,458.34749999999997
526,2016-02-11,460.59749999999997
527,2016-02-10,459.65999999999997
528,2016-02-09,457.97249999999997
529,2016-02-08,462.81500000000005
530,2016-02-05,470.00250000000005
531,2016-02-04,476.72249999999997
532,2016-02-03,477.5675
533,2016-02-02,476.845
534,2016-02-01,475.12750000000005
535,2016-01-29,475.47249999999997
536,2016-01-28,474.09749999999997
537,2016-01-27,480.00250000000005
538,2016-01-26,483.34749999999997
539,2016-01-25,479.095
540,2016-01-22,475.62750000000005
541,2016-01-21,474.56500000000005
542,2016-01-20,471.84749999999997
543,2016-01-19,474.78499999999997
544,2016-01-17,473.38
545,2016-01-15,470.53499999999997
546,2016-01-14,473.15999999999997
547,2016-01-13,479.62750000000005
548,2016-01-12,474.59749999999997
549,2016-01-11,474.47249999999997
550,2016-01-08,473.4425
551,2016-01-07,464.28499999999997
552,2016-01-06,461.69000000000005
553,2016-01-05,461.255
554,2016-01-04,464.87750000000005
555,2015-12-31,470.09749999999997
556,2015-12-30,473.63
557,2015-12-29,471.8175
558,2015-12-28,468.09749999999997
559,2015-12-27,468.0
560,2015-12-24,468.90999999999997
561,2015-12-23,471.38
562,2015-12-22,476.34749999999997
563,2015-12-21,483.53499999999997
564,2015-12-18,488.13
565,2015-12-17,481.97249999999997
566,2015-12-16,489.15999999999997
567,2015-12-15,492.88
568,2015-12-14,492.5675
569,2015-12-11,492.65999999999997
570,2015-12-10,491.9425
571,2015-12-09,485.97249999999997
572,2015-12-08,480.78499999999997
573,2015-12-07,486.8175
574,2015-12-04,481.78499999999997
575,2015-12-03,473.8175
576,2015-12-02,469.34749999999997
577,2015-12-01,474.255
578,2015-11-30,476.9425
579,2015-11-27,483.09749999999997
580,2015-11-25,488.9425
581,2015-11-24,492.47249999999997
582,2015-11-23,492.53499999999997
583,2015-11-20,489.9425
584,2015-11-19,486.94000000000005
585,2015-11-18,485.40999999999997
586,2015-11-17,489.97
587,2015-11-16,494.31500000000005
588,2015-11-13,496.00250000000005
589,2015-11-12,496.62750000000005
590,2015-11-11,493.84749999999997
591,2015-11-10,496.40999999999997
592,2015-11-09,511.1600000000001
593,2015-11-06,522.8775
594,2015-11-05,524.94
595,2015-11-04,520.4100000000001
596,2015-11-03,511.65999999999997
597,2015-11-02,514.7225000000001
598,2015-10-30,519.065
599,2015-10-29,510.87750000000005
600,2015-10-28,505.59749999999997
601,2015-10-27,510.9100000000001
602,2015-10-26,502.15999999999997
603,2015-10-23,490.06500000000005
604,2015-10-22,494.19000000000005
605,2015-10-21,493.59749999999997
606,2015-10-20,488.0675
607,2015-10-19,488.65999999999997
608,2015-10-16,497.6925
609,2015-10-15,506.06500000000005
610,2015-10-14,513.5350000000001
611,2015-10-13,513.19
612,2015-10-12,507.0675
613,2015-10-09,510.81500000000005
614,2015-10-08,514.6275
615,2015-10-07,522.1600000000001
616,2015-10-06,520.0675
617,2015-10-05,513.7850000000001
618,2015-10-02,516.2525
619,2015-10-01,516.5025
620,2015-09-30,507.3775
621,2015-09-29,505.03499999999997
622,2015-09-28,507.62750000000005
623,2015-09-25,503.22249999999997
624,2015-09-24,502.25250000000005
625,2015-09-23,501.06500000000005
626,2015-09-22,494.15999999999997
627,2015-09-21,490.69000000000005
628,2015-09-18,484.34749999999997
629,2015-09-17,484.94000000000005
630,2015-09-16,490.28499999999997
631,2015-09-15,497.78499999999997
632,2015-09-14,493.8175
633,2015-09-11,479.28499999999997
634,2015-09-10,475.345
635,2015-09-09,474.44000000000005
636,2015-09-08,472.505
637,2015-09-04,466.4425
638,2015-09-03,472.09749999999997
639,2015-09-02,482.97249999999997
640,2015-09-01,485.84749999999997
641,2015-08-31,483.005
642,2015-08-28,481.59749999999997
643,2015-08-27,488.1275
644,2015-08-26,494.40999999999997
645,2015-08-25,501.1275
646,2015-08-24,498.565
647,2015-08-21,501.69000000000005
648,2015-08-20,500.75250000000005
649,2015-08-19,495.15999999999997
650,2015-08-18,498.065
651,2015-08-17,502.87750000000005
652,2015-08-14,504.72249999999997
653,2015-08-13,498.22249999999997
654,2015-08-12,499.97249999999997
655,2015-08-11,514.63
656,2015-08-10,518.6925
657,2015-08-07,509.13
658,2015-08-06,505.4425
659,2015-08-05,498.4425
660,2015-08-04,497.94
661,2015-08-03,497.38
662,2015-07-31,498.63
663,2015-07-30,498.005
664,2015-07-29,504.00250000000005
665,2015-07-28,507.3175
666,2015-07-27,506.4425
667,2015-07-24,516.4725000000001
668,2015-07-23,520.5975
669,2015-07-22,521.0350000000001
670,2015-07-21,529.7225000000001
671,2015-07-20,541.845
672,2015-07-17,555.625
673,2015-07-16,566.2850000000001
674,2015-07-15,566.0675
675,2015-07-14,574.44
676,2015-07-13,573.345
677,2015-07-10,577.285
678,2015-07-09,578.8175
679,2015-07-08,580.69
680,2015-07-07,587.1925
681,2015-07-06,588.0975000000001
682,2015-07-03,588.25
683,2015-07-02,587.6275
684,2015-07-01,598.1575
685,2015-06-30,598.2850000000001
686,2015-06-29,576.2850000000001
687,2015-06-26,547.315
688,2015-06-25,523.9725000000001
689,2015-06-24,520.9725000000001
690,2015-06-23,512.255
691,2015-06-22,495.28499999999997
692,2015-06-19,488.12750000000005
693,2015-06-18,491.13
694,2015-06-17,492.755
695,2015-06-16,489.9425
696,2015-06-15,495.37750000000005
697,2015-06-12,504.9075
698,2015-06-11,509.25250000000005
699,2015-06-10,523.7850000000001
700,2015-06-09,530.315
701,2015-06-08,523.255
702,2015-06-05,522.6575
703,2015-06-04,515.3475000000001
704,2015-06-03,514.1925
705,2015-06-02,503.505
706,2015-06-01,485.565
707,2015-05-29,482.1925
708,2015-05-28,488.40999999999997
709,2015-05-27,490.65999999999997
710,2015-05-26,504.9725000000001
711,2015-05-22,519.0975
712,2015-05-21,518.41
713,2015-05-20,510.50250000000005
714,2015-05-19,514.8175
715,2015-05-18,517.63
716,2015-05-15,512.8775
717,2015-05-14,497.97249999999997
718,2015-05-13,479.9425
719,2015-05-12,482.65999999999997
720,2015-05-11,481.255
721,2015-05-08,477.22249999999997
722,2015-05-07,477.0675
723,2015-05-06,474.315
724,2015-05-05,467.84749999999997
725,2015-05-04,471.345
726,2015-05-01,474.4425
727,2015-04-30,479.90999999999997
728,2015-04-29,479.59749999999997
729,2015-04-28,473.505
730,2015-04-27,481.3175
731,2015-04-24,492.12750000000005
732,2015-04-23,499.72249999999997
733,2015-04-22,500.13
734,2015-04-21,499.90999999999997
735,2015-04-20,495.9425
736,2015-04-17,494.44000000000005
737,2015-04-16,492.38
738,2015-04-15,495.5675
739,2015-04-14,500.97249999999997
740,2015-04-13,510.505
741,2015-04-10,521.91
742,2015-04-09,521.1600000000001
743,2015-04-08,525.7525
744,2015-04-07,526.13
745,2015-04-06,533.6925
746,2015-04-02,532.0975000000001
747,2015-04-01,519.3175
748,2015-03-31,521.2225000000001
749,2015-03-30,520.4425
750,2015-03-27,503.72249999999997
751,2015-03-26,510.40999999999997
752,2015-03-25,521.505
753,2015-03-24,526.9725000000001
754,2015-03-23,535.1600000000001
755,2015-03-20,520.1925
756,2015-03-19,513.1600000000001
757,2015-03-18,506.65999999999997
758,2015-03-17,510.1600000000001
759,2015-03-16,507.03499999999997
760,2015-03-13,505.28499999999997
761,2015-03-12,504.065
762,2015-03-11,497.1925
763,2015-03-10,490.90999999999997
764,2015-03-09,488.34749999999997
765,2015-03-06,481.97249999999997
766,2015-03-05,488.38
767,2015-03-04,500.40999999999997
768,2015-03-03,501.47249999999997
769,2015-03-02,507.9725000000001
770,2015-02-27,507.065
771,2015-02-26,496.94
772,2015-02-25,500.22249999999997
773,2015-02-24,505.1925
774,2015-02-23,505.9425
775,2015-02-20,519.5675
776,2015-02-19,529.1925
777,2015-02-18,533.2850000000001
778,2015-02-17,537.065
779,2015-02-13,527.0025
780,2015-02-12,522.4725000000001
781,2015-02-11,522.5350000000001
782,2015-02-10,524.565
783,2015-02-09,527.5350000000001
784,2015-02-06,526.005
785,2015-02-05,518.38
786,2015-02-04,513.9425
787,2015-02-03,504.0675
788,2015-02-02,498.22249999999997
789,2015-01-30,504.97249999999997
790,2015-01-29,506.6275
791,2015-01-28,512.0350000000001
792,2015-01-27,520.1600000000001
793,2015-01-26,525.7525
794,2015-01-23,531.2225
795,2015-01-22,536.2525
796,2015-01-21,538.3175
797,2015-01-20,532.5975000000001
798,2015-01-16,535.2225000000001
799,2015-01-15,536.755
800,2015-01-14,543.0975000000001
801,2015-01-13,554.4725
802,2015-01-12,560.1275
803,2015-01-09,566.5975000000001
804,2015-01-08,573.595
805,2015-01-07,586.6925
806,2015-01-06,592.44
807,2015-01-05,586.3175
808,2015-01-02,583.6925
809,2014-12-31,595.5975
810,2014-12-30,608.6275
811,2014-12-29,613.9100000000001
812,2014-12-28,609.25
813,2014-12-26,611.97
814,2014-12-24,623.2225000000001
815,2014-12-23,629.4725000000001
816,2014-12-22,630.065
817,2014-12-21,632.88
818,2014-12-19,642.565
819,2014-12-18,655.6925
820,2014-12-17,634.9100000000001
821,2014-12-16,622.91
822,2014-12-15,611.69
823,2014-12-14,605.75
824,2014-12-12,602.285
825,2014-12-11,587.755
826,2014-12-10,581.8775
827,2014-12-09,590.44
828,2014-12-08,595.8175
829,2014-12-07,593.38
830,2014-12-05,590.005
831,2014-12-04,587.005
832,2014-12-03,596.3175
833,2014-12-02,604.2850000000001
834,2014-12-01,590.505
835,2014-11-30,578.38
836,2014-11-28,569.1600000000001
837,2014-11-27,562.25
838,2014-11-26,560.315
839,2014-11-25,553.255
840,2014-11-24,552.005
841,2014-11-21,546.88
842,2014-11-20,541.0350000000001
843,2014-11-19,542.94
844,2014-11-18,549.7225000000001
845,2014-11-17,556.4725
846,2014-11-14,556.8175
847,2014-11-13,547.8475000000001
848,2014-11-12,533.6600000000001
849,2014-11-11,519.94
850,2014-11-10,517.0975000000001
851,2014-11-07,515.565
852,2014-11-06,523.3175
853,2014-11-05,526.8475
854,2014-11-04,534.4425
855,2014-11-03,535.1925
856,2014-10-31,532.0975
857,2014-10-30,538.1275
858,2014-10-29,534.41
859,2014-10-28,527.97
860,2014-10-27,519.0975
861,2014-10-24,525.1275
862,2014-10-23,524.2525
863,2014-10-22,521.9100000000001
864,2014-10-21,517.44
865,2014-10-20,513.005
866,2014-10-17,517.1925
867,2014-10-16,511.31500000000005
868,2014-10-15,508.81500000000005
869,2014-10-14,505.56500000000005
870,2014-10-13,501.3175
871,2014-10-10,497.315
872,2014-10-09,500.4425
873,2014-10-08,507.1925
874,2014-10-07,499.13
875,2014-10-06,489.15999999999997
876,2014-10-03,484.13
877,2014-10-02,482.22
878,2014-10-01,477.38
879,2014-09-30,477.28499999999997
880,2014-09-29,476.22249999999997
881,2014-09-26,473.37750000000005
882,2014-09-25,476.065
883,2014-09-24,478.22249999999997
884,2014-09-23,475.7525
885,2014-09-22,475.78499999999997
886,2014-09-19,480.97249999999997
887,2014-09-18,492.6925
888,2014-09-17,497.63
889,2014-09-16,499.15999999999997
890,2014-09-15,500.40999999999997
891,2014-09-12,504.97249999999997
892,2014-09-11,512.2850000000001
893,2014-09-10,524.16
894,2014-09-09,529.8175
895,2014-09-08,532.9725
896,2014-09-05,534.1600000000001
897,2014-09-04,532.5975
898,2014-09-03,545.4100000000001
899,2014-09-02,558.3475
900,2014-08-29,568.4425
901,2014-08-28,567.755
902,2014-08-27,557.5350000000001
903,2014-08-26,553.505
904,2014-08-25,558.255
905,2014-08-22,550.7825
906,2014-08-21,543.16
907,2014-08-20,542.315
908,2014-08-19,544.8775
909,2014-08-18,546.0025
910,2014-08-15,544.255
911,2014-08-14,532.9725000000001
912,2014-08-13,534.4100000000001
913,2014-08-12,541.565
914,2014-08-11,548.5975
915,2014-08-08,554.3175
916,2014-08-07,563.9425
917,2014-08-06,561.4425
918,2014-08-05,547.0675
919,2014-08-04,541.8175
920,2014-08-03,533.75
921,2014-08-01,534.8775
922,2014-07-31,529.0975
923,2014-07-30,524.5975
924,2014-07-29,527.2850000000001
925,2014-07-28,537.2850000000001
926,2014-07-25,532.88
927,2014-07-24,531.91
928,2014-07-23,526.6925
929,2014-07-22,528.7850000000001
930,2014-07-21,528.8475
931,2014-07-18,542.66
932,2014-07-17,545.3475
933,2014-07-16,538.91
934,2014-07-15,536.535
935,2014-07-14,532.2225
936,2014-07-11,537.0350000000001
937,2014-07-10,550.6925
938,2014-07-09,553.2825
939,2014-07-08,557.5350000000001
940,2014-07-07,569.5325
941,2014-07-06,579.5
942,2014-07-03,577.16
943,2014-07-02,574.005
944,2014-07-01,575.505
945,2014-06-30,582.3775
946,2014-06-27,589.6925
947,2014-06-26,584.63
948,2014-06-25,581.505
949,2014-06-24,584.47
950,2014-06-23,593.005
951,2014-06-20,588.8175
952,2014-06-19,590.4725000000001
953,2014-06-18,586.8475
954,2014-06-17,581.1275
955,2014-06-16,585.2850000000001
956,2014-06-13,587.255
957,2014-06-12,587.88
958,2014-06-11,597.005
959,2014-06-10,607.5975000000001
960,2014-06-09,616.285
961,2014-06-06,611.9725
962,2014-06-05,610.4725000000001
963,2014-06-04,614.0675
964,2014-06-03,617.1925
965,2014-06-02,622.1600000000001
966,2014-05-30,630.9725000000001
967,2014-05-29,636.315
968,2014-05-28,637.9425
969,2014-05-27,643.63
970,2014-05-23,656.755
971,2014-05-22,662.3175
972,2014-05-21,667.6925
973,2014-05-20,674.0025
974,2014-05-19,672.0350000000001
975,2014-05-16,676.7850000000001
976,2014-05-15,684.13
977,2014-05-14,699.315
978,2014-05-13,710.6925
979,2014-05-12,715.7825
980,2014-05-11,722.75
981,2014-05-09,729.44
982,2014-05-08,733.7850000000001
983,2014-05-07,735.6275
984,2014-05-06,734.755
985,2014-05-05,728.0350000000001
986,2014-05-02,713.065
987,2014-05-01,714.4100000000001
988,2014-04-30,718.0325
989,2014-04-29,711.5350000000001
990,2014-04-28,708.005
991,2014-04-25,694.8475000000001
992,2014-04-24,683.63
993,2014-04-23,674.2850000000001
994,2014-04-22,670.065
995,2014-04-21,678.19
996,2014-04-17,691.41
997,2014-04-16,696.0975
998,2014-04-15,688.9100000000001
999,2014-04-14,674.2525
1000,2014-04-11,661.3775
1001,2014-04-10,664.69
1002,2014-04-09,675.5025
1003,2014-04-08,677.19
1004,2014-04-07,673.0350000000001
1005,2014-04-04,669.8775
1006,2014-04-03,672.1275
1007,2014-04-02,677.1600000000001
1008,2014-04-01,690.63
1009,2014-03-31,693.2850000000001
1010,2014-03-28,701.2225000000001
1011,2014-03-27,703.1275
1012,2014-03-26,703.1925
1013,2014-03-25,711.755
1014,2014-03-24,702.815
1015,2014-03-21,699.2225
1016,2014-03-20,709.5675
1017,2014-03-19,702.88
1018,2014-03-18,683.5025
1019,2014-03-17,681.9425
1020,2014-03-14,680.005
1021,2014-03-13,680.4725000000001
1022,2014-03-12,669.7850000000001
1023,2014-03-11,650.5350000000001
1024,2014-03-10,647.535
1025,2014-03-07,651.69
1026,2014-03-06,643.1925
1027,2014-03-05,640.4725000000001
1028,2014-03-04,635.2525
1029,2014-03-03,629.315
1030,2014-02-28,596.4100000000001
1031,2014-02-27,597.9100000000001
1032,2014-02-26,611.5675
1033,2014-02-25,614.7825
1034,2014-02-24,609.47
1035,2014-02-21,613.2225000000001
1036,2014-02-20,616.7850000000001
1037,2014-02-19,615.63
1038,2014-02-18,605.8475000000001
1039,2014-02-14,597.44
1040,2014-02-13,590.7225
1041,2014-02-12,589.7525
1042,2014-02-11,587.005
1043,2014-02-10,580.2825
1044,2014-02-07,578.285
1045,2014-02-06,584.7850000000001
1046,2014-02-05,584.785
1047,2014-02-04,574.1925
1048,2014-02-03,559.255
1049,2014-01-31,554.4725
1050,2014-01-30,553.19
1051,2014-01-29,558.785
1052,2014-01-28,565.755
1053,2014-01-27,566.5675
1054,2014-01-24,568.285
1055,2014-01-23,567.6925
1056,2014-01-22,562.8175
1057,2014-01-21,563.88
1058,2014-01-17,568.2225000000001
1059,2014-01-16,569.5675
1060,2014-01-15,573.3475000000001
1061,2014-01-14,575.255
1062,2014-01-13,572.6600000000001
1063,2014-01-10,575.9100000000001
1064,2014-01-09,585.44
1065,2014-01-08,596.3175
1066,2014-01-07,605.13
1067,2014-01-06,607.9425
1068,2014-01-03,602.1925
1069,2014-01-02,600.6575
1070,2014-01-01,605.13
1071,2013-12-31,603.3175
1072,2013-12-30,604.315
1073,2013-12-27,607.38
1074,2013-12-26,604.91
1075,2013-12-24,608.5675
1076,2013-12-23,611.815
1077,2013-12-20,611.755
1078,2013-12-19,614.0675
1079,2013-12-18,615.5675
1080,2013-12-17,621.6925
1081,2013-12-16,625.005
1082,2013-12-13,631.0675
1083,2013-12-12,636.815
1084,2013-12-11,639.9425
1085,2013-12-10,644.16
1086,2013-12-09,652.16
1087,2013-12-06,651.785
1088,2013-12-05,656.9425
1089,2013-12-04,665.9725
1090,2013-12-03,666.005
1091,2013-12-02,666.755
1092,2013-11-29,668.1275
1093,2013-11-27,661.13
1094,2013-11-26,657.19
1095,2013-11-25,659.4725
1096,2013-11-24,656.25
1097,2013-11-22,650.16
1098,2013-11-21,649.3175
1099,2013-11-20,649.3775
1100,2013-11-19,646.6575
1101,2013-11-18,645.1600000000001
1102,2013-11-15,645.2525
1103,2013-11-14,647.005
1104,2013-11-13,646.035
1105,2013-11-12,647.19
1106,2013-11-11,650.69
1107,2013-11-08,651.1875
1108,2013-11-07,654.2225000000001
1109,2013-11-06,655.8475000000001
1110,2013-11-05,659.8775
1111,2013-11-04,665.8475000000001
1112,2013-11-01,667.9100000000001
1113,2013-10-31,671.63
1114,2013-10-30,679.7850000000001
1115,2013-10-29,681.0025
1116,2013-10-28,685.4425
1117,2013-10-25,695.0675
1118,2013-10-24,700.44
1119,2013-10-23,703.1575
1120,2013-10-22,700.005
1121,2013-10-21,702.5675
1122,2013-10-18,696.035
1123,2013-10-17,685.19
1124,2013-10-16,683.38
1125,2013-10-15,689.13
1126,2013-10-14,691.505
1127,2013-10-11,688.5975
1128,2013-10-10,688.9725
1129,2013-10-09,691.1600000000001
1130,2013-10-08,693.755
1131,2013-10-07,691.1275
1132,2013-10-04,688.0975000000001
1133,2013-10-03,689.44
1134,2013-10-02,683.6575
1135,2013-10-01,679.38
1136,2013-09-30,682.7525
1137,2013-09-27,679.91
1138,2013-09-26,674.0675
1139,2013-09-25,665.0675
1140,2013-09-24,655.2225000000001
1141,2013-09-23,650.505
1142,2013-09-20,651.38
1143,2013-09-19,653.16
1144,2013-09-18,644.44
1145,2013-09-17,644.1275
1146,2013-09-16,642.3175
1147,2013-09-13,646.4725
1148,2013-09-12,648.16
1149,2013-09-11,647.4425
1150,2013-09-10,644.0025
1151,2013-09-09,645.0675
1152,2013-09-06,644.4725
1153,2013-09-05,642.1275
1154,2013-09-04,645.2525
1155,2013-09-03,654.8775
1156,2013-08-30,654.505
1157,2013-08-29,657.565
1158,2013-08-28,663.38
1159,2013-08-27,665.19
1160,2013-08-26,661.755
1161,2013-08-23,632.2825
1162,2013-08-22,635.285
1163,2013-08-21,638.63
1164,2013-08-20,638.44
1165,2013-08-19,638.6575
1166,2013-08-16,634.2525
1167,2013-08-15,634.755
1168,2013-08-14,627.9725000000001
1169,2013-08-13,633.285
1170,2013-08-12,635.8775
1171,2013-08-09,637.7850000000001
1172,2013-08-08,642.8775
1173,2013-08-07,646.5350000000001
1174,2013-08-06,647.3775
1175,2013-08-05,652.94
1176,2013-08-02,660.4075
1177,2013-08-01,659.5675
1178,2013-07-31,659.2850000000001
1179,2013-07-30,654.7225
1180,2013-07-29,651.505
1181,2013-07-26,650.8775
1182,2013-07-25,651.38
1183,2013-07-24,655.4425
1184,2013-07-23,655.9725000000001
1185,2013-07-22,662.2850000000001
1186,2013-07-19,663.1925
1187,2013-07-18,662.2850000000001
1188,2013-07-17,668.22
1189,2013-07-16,671.9075
1190,2013-07-15,672.9725
1191,2013-07-12,682.8775
1192,2013-07-11,682.5975000000001
1193,2013-07-10,676.255
1194,2013-07-09,671.0975
1195,2013-07-08,662.9075
1196,2013-07-05,665.63
1197,2013-07-04,666.0
1198,2013-07-03,663.41
1199,2013-07-02,658.1600000000001
1200,2013-07-01,657.19
1201,2013-06-28,666.0675
1202,2013-06-27,676.4725000000001
1203,2013-06-26,681.9100000000001
1204,2013-06-25,688.13
1205,2013-06-24,693.8775
1206,2013-06-21,699.6925
1207,2013-06-20,701.63
1208,2013-06-19,695.7225000000001
1209,2013-06-18,684.6600000000001
1210,2013-06-17,681.16
1211,2013-06-14,682.19
1212,2013-06-13,682.6925
1213,2013-06-12,687.9725000000001
1214,2013-06-11,693.1925
1215,2013-06-10,689.4075
1216,2013-06-07,697.66
1217,2013-06-06,699.9725
1218,2013-06-05,706.3475000000001
1219,2013-06-04,707.5350000000001
1220,2013-06-03,706.0350000000001
1221,2013-05-31,701.0675
1222,2013-05-30,696.7225000000001
1223,2013-05-29,696.6600000000001
1224,2013-05-28,696.035
1225,2013-05-24,701.0975000000001
1226,2013-05-23,697.16
1227,2013-05-22,685.0350000000001
1228,2013-05-21,680.38
1229,2013-05-20,682.565
1230,2013-05-17,685.3175
1231,2013-05-16,690.88
1232,2013-05-15,702.13
1233,2013-05-14,711.2850000000001
1234,2013-05-13,707.88
1235,2013-05-10,713.1275
1236,2013-05-09,714.8475000000001
1237,2013-05-08,706.535
1238,2013-05-07,705.2225000000001
1239,2013-05-06,707.815
1240,2013-05-03,725.2225
1241,2013-05-02,724.3475
1242,2013-05-01,724.0025
1243,2013-04-30,722.065
1244,2013-04-29,706.69
1245,2013-04-26,694.19
1246,2013-04-25,697.0025
1247,2013-04-24,693.815
1248,2013-04-23,698.6600000000001
1249,2013-04-22,702.4425
1250,2013-04-19,705.255
1251,2013-04-18,704.3475000000001
1252,2013-04-17,705.2850000000001
1253,2013-04-16,697.505
1254,2013-04-15,702.815
1255,2013-04-12,706.8775
1256,2013-04-11,698.815
1257,2013-04-10,701.1600000000001
1258,2013-04-09,709.7225
1259,2013-04-08,706.9075
1260,2013-04-05,695.38
1261,2013-04-04,695.19
1262,2013-04-03,688.0350000000001
1263,2013-04-02,670.6600000000001
1264,2013-04-01,674.3775
1265,2013-03-31,684.1575
1266,2013-03-28,712.0975
1267,2013-03-27,733.72
1268,2013-03-26,728.0350000000001
1269,2013-03-25,727.255
1270,2013-03-24,729.535
1271,2013-03-22,726.2225000000001
1272,2013-03-21,731.1275
1273,2013-03-20,730.1600000000001
1274,2013-03-19,719.6925
1275,2013-03-18,713.8775
1276,2013-03-17,718.69
1277,2013-03-15,722.5675
1278,2013-03-14,717.505
1279,2013-03-13,706.2825
1280,2013-03-12,701.5025
1281,2013-03-11,700.7525
1282,2013-03-10,697.565
1283,2013-03-08,695.315
1284,2013-03-07,689.1925
1285,2013-03-06,694.19
1286,2013-03-05,704.5975
1287,2013-03-04,710.7225
1288,2013-03-03,720.0975
1289,2013-03-01,717.8475000000001
1290,2013-02-28,715.63
1291,2013-02-27,714.1275
1292,2013-02-26,706.9100000000001
1293,2013-02-25,713.13
1294,2013-02-24,718.7850000000001
1295,2013-02-22,720.005
1296,2013-02-21,729.19
1297,2013-02-20,734.505
1298,2013-02-19,738.285
1299,2013-02-15,738.7225
1300,2013-02-14,734.4425
1301,2013-02-13,733.19
1302,2013-02-12,736.44
1303,2013-02-11,749.505
1304,2013-02-10,756.845
1305,2013-02-08,759.13
1306,2013-02-07,758.44
1307,2013-02-06,757.0025
1308,2013-02-05,760.0975000000001
1309,2013-02-04,766.505
1310,2013-02-03,766.69
1311,2013-02-01,775.5350000000001
1312,2013-01-31,783.38
1313,2013-01-30,780.315
1314,2013-01-29,777.69
1315,2013-01-28,777.9425
1316,2013-01-27,778.9725
1317,2013-01-25,773.0350000000001
1318,2013-01-24,770.505
1319,2013-01-23,776.255
1320,2013-01-22,786.755
1321,2013-01-20,790.5
1322,2013-01-18,787.1275
1323,2013-01-17,784.0675
1324,2013-01-16,784.44
1325,2013-01-15,777.9425
1326,2013-01-14,769.5025
1327,2013-01-13,764.4075
1328,2013-01-11,752.9725000000001
1329,2013-01-10,749.0025
1330,2013-01-09,750.6600000000001
1331,2013-01-08,752.9425
1332,2013-01-07,751.065
1333,2013-01-06,748.4375
1334,2013-01-04,750.1925
1335,2013-01-03,756.095
1336,2013-01-02,771.4425
1337,2012-12-31,775.3475
1338,2012-12-30,776.7225
1339,2012-12-28,776.7225000000001
1340,2012-12-27,773.7225000000001
1341,2012-12-26,784.6925
1342,2012-12-24,794.0675
1343,2012-12-23,794.6575
1344,2012-12-21,793.1925
1345,2012-12-20,797.565
1346,2012-12-19,811.3475000000001
1347,2012-12-18,811.0675
1348,2012-12-17,812.6600000000001
1349,2012-12-16,815.6925
1350,2012-12-14,811.38
1351,2012-12-13,810.0025
1352,2012-12-12,817.8475000000001
1353,2012-12-11,834.1925
1354,2012-12-10,853.63
1355,2012-12-09,859.5025
1356,2012-12-07,859.535
1357,2012-12-06,859.565
1358,2012-12-05,858.755
1359,2012-12-04,859.1275
1360,2012-12-03,866.535
1361,2012-12-02,863.5
1362,2012-11-30,874.2525
1363,2012-11-29,887.065
1364,2012-11-28,887.005
1365,2012-11-27,875.91
1366,2012-11-26,863.1575
1367,2012-11-25,861.1275
1368,2012-11-23,849.0975000000001
1369,2012-11-21,844.8475000000001
1370,2012-11-20,843.6600000000001
1371,2012-11-19,841.505
1372,2012-11-18,837.1275
1373,2012-11-16,840.63
1374,2012-11-15,848.345
1375,2012-11-14,851.505
1376,2012-11-13,855.285
1377,2012-11-12,870.565
1378,2012-11-11,884.5350000000001
1379,2012-11-09,895.94
1380,2012-11-08,895.505
1381,2012-11-07,883.2850000000001
1382,2012-11-06,874.5350000000001
1383,2012-11-05,869.785
1384,2012-11-04,866.2525
1385,2012-11-02,866.065
1386,2012-11-01,867.91
1387,2012-10-31,865.1275
1388,2012-10-30,859.2225000000001
1389,2012-10-29,861.8775
1390,2012-10-28,862.565
1391,2012-10-26,870.0975
1392,2012-10-25,878.4725
1393,2012-10-24,876.595
1394,2012-10-23,870.6600000000001
1395,2012-10-22,876.6925
1396,2012-10-21,873.7850000000001
1397,2012-10-19,872.7850000000001
1398,2012-10-18,864.1275
1399,2012-10-17,851.4725
1400,2012-10-16,850.97
1401,2012-10-15,851.9100000000001
1402,2012-10-14,855.505
1403,2012-10-12,869.2225000000001
1404,2012-10-11,876.0975000000001
1405,2012-10-10,868.3475
1406,2012-10-09,865.8775
1407,2012-10-08,861.2525
1408,2012-10-07,857.5975000000001
1409,2012-10-05,864.5675
1410,2012-10-04,873.0325
1411,2012-10-03,868.6600000000001
1412,2012-10-02,873.5350000000001
1413,2012-10-01,887.2825
1414,2012-09-30,898.505
1415,2012-09-28,878.095
1416,2012-09-27,863.3775
1417,2012-09-26,878.9725000000001
1418,2012-09-25,888.0975
1419,2012-09-24,894.2525
1420,2012-09-23,900.5025
1421,2012-09-21,889.9425
1422,2012-09-20,882.0975
1423,2012-09-19,876.2525
1424,2012-09-18,874.785
1425,2012-09-17,898.6600000000001
1426,2012-09-16,919.9100000000001
1427,2012-09-14,914.19
1428,2012-09-13,895.5025
1429,2012-09-12,884.065
1430,2012-09-11,888.1600000000001
1431,2012-09-10,900.0025
1432,2012-09-09,905.6600000000001
1433,2012-09-07,898.3475
1434,2012-09-06,880.1275
1435,2012-09-05,876.755
1436,2012-09-04,890.8775
1437,2012-08-31,894.755
1438,2012-08-30,904.44
1439,2012-08-29,890.1275
1440,2012-08-28,878.7225000000001
1441,2012-08-27,887.22
1442,2012-08-26,891.5025
1443,2012-08-24,873.3775
1444,2012-08-23,886.2225000000001
1445,2012-08-22,895.315
1446,2012-08-21,889.7525
1447,2012-08-20,875.5675
1448,2012-08-19,873.5625
1449,2012-08-17,870.0975000000001
1450,2012-08-16,855.19
1451,2012-08-15,845.8775
1452,2012-08-14,852.44
1453,2012-08-13,869.44
1454,2012-08-12,882.0325
1455,2012-08-10,903.4725
1456,2012-08-09,908.4075
1457,2012-08-08,889.6275
1458,2012-08-07,891.94
1459,2012-08-06,888.315
1460,2012-08-05,883.6600000000001
1461,2012-08-03,880.0975000000001
1462,2012-08-02,870.6275
1463,2012-08-01,883.44
1464,2012-07-31,902.38
1465,2012-07-30,911.565
1466,2012-07-29,908.505
1467,2012-07-27,892.3475
1468,2012-07-26,887.6925
1469,2012-07-25,882.1575
1470,2012-07-24,877.6600000000001
1471,2012-07-23,911.7525
1472,2012-07-22,935.595
1473,2012-07-20,934.5325
1474,2012-07-19,916.5350000000001
1475,2012-07-18,888.7850000000001
1476,2012-07-17,886.345
1477,2012-07-16,881.2525
1478,2012-07-15,862.315
1479,2012-07-13,850.595
1480,2012-07-12,838.22
1481,2012-07-11,826.005
1482,2012-07-10,820.065
1483,2012-07-09,824.8475
1484,2012-07-08,819.8775
1485,2012-07-06,817.6925
1486,2012-07-05,823.16
1487,2012-07-03,787.3175
1488,2012-07-02,771.1575
1489,2012-07-01,766.255
1490,2012-06-29,750.8475000000001
1491,2012-06-28,747.2850000000001
1492,2012-06-27,748.1925
1493,2012-06-26,741.5675
1494,2012-06-25,726.7525
1495,2012-06-24,700.4075
1496,2012-06-22,669.0675
1497,2012-06-21,663.3775
1498,2012-06-20,653.44
1499,2012-06-19,640.88
1500,2012-06-18,623.5025
1501,2012-06-17,614.4075
1502,2012-06-15,617.41
1503,2012-06-14,621.44
1504,2012-06-13,618.9100000000001
1505,2012-06-12,624.2850000000001
1506,2012-06-11,631.66
1507,2012-06-10,631.315
1508,2012-06-08,633.005
1509,2012-06-07,631.44
1510,2012-06-06,621.065
1511,2012-06-05,621.6600000000001
1512,2012-06-04,621.5975
1513,2012-06-03,614.69
1514,2012-06-01,629.0325
1515,2012-05-31,648.7225000000001
1516,2012-05-30,654.41
1517,2012-05-29,668.47
1518,2012-05-25,673.5025
1519,2012-05-24,668.1925
1520,2012-05-23,675.4425
1521,2012-05-22,691.3175
1522,2012-05-21,701.41
1523,2012-05-20,703.4725000000001
1524,2012-05-18,675.5975000000001
1525,2012-05-17,648.47
1526,2012-05-16,623.0350000000001
1527,2012-05-15,605.8175
1528,2012-05-14,597.8175
1529,2012-05-13,599.3475
1530,2012-05-11,598.3175
1531,2012-05-10,601.5975000000001
1532,2012-05-09,608.88
1533,2012-05-08,615.315
1534,2012-05-07,608.9425
1535,2012-05-06,608.565
1536,2012-05-04,611.8475000000001
1537,2012-05-03,617.2850000000001
1538,2012-05-02,627.44
1539,2012-05-01,646.19
1540,2012-04-30,649.2850000000001
1541,2012-04-29,648.815
1542,2012-04-27,643.285
1543,2012-04-26,631.0975
1544,2012-04-25,633.19
1545,2012-04-24,637.41
1546,2012-04-23,627.94
1547,2012-04-22,622.6275
1548,2012-04-20,621.3475000000001
1549,2012-04-19,620.255
1550,2012-04-18,613.1575
1551,2012-04-17,619.1925
1552,2012-04-16,619.91
1553,2012-04-15,621.5625
1554,2012-04-13,631.1600000000001
1555,2012-04-12,636.0350000000001
1556,2012-04-11,626.5675
1557,2012-04-10,634.6275
1558,2012-04-09,642.2225000000001
1559,2012-04-08,639.38
1560,2012-04-05,641.4725000000001
1561,2012-04-04,648.345
1562,2012-04-03,655.2850000000001
1563,2012-04-02,657.6925
1564,2012-04-01,663.5025
1565,2012-03-30,639.4725000000001
1566,2012-03-29,624.16
1567,2012-03-28,637.565
1568,2012-03-27,650.505
1569,2012-03-26,657.3475
1570,2012-03-25,652.6275
1571,2012-03-23,651.1925
1572,2012-03-22,642.785
1573,2012-03-21,641.6275
1574,2012-03-20,646.8475
1575,2012-03-19,663.285
1576,2012-03-18,672.66
1577,2012-03-16,667.1275
1578,2012-03-15,654.63
1579,2012-03-14,646.94
1580,2012-03-13,650.8775
1581,2012-03-12,645.535
1582,2012-03-11,640.94
1583,2012-03-09,640.13
1584,2012-03-08,639.1275
1585,2012-03-07,648.0675
1586,2012-03-06,663.8475000000001
1587,2012-03-05,672.44
1588,2012-03-02,667.19
1589,2012-03-01,665.285
1590,2012-02-29,667.2225000000001
1591,2012-02-28,659.4100000000001
1592,2012-02-27,646.0025
1593,2012-02-24,640.035
1594,2012-02-23,641.505
1595,2012-02-22,638.0025
1596,2012-02-21,638.4425
1597,2012-02-17,635.8475
1598,2012-02-16,627.0975000000001
1599,2012-02-15,631.4425
1600,2012-02-14,637.6275
1601,2012-02-13,637.63
1602,2012-02-10,637.3175
1603,2012-02-09,653.2225000000001
1604,2012-02-08,661.505
1605,2012-02-07,664.38
1606,2012-02-06,663.6275
1607,2012-02-03,662.0975000000001
1608,2012-02-02,667.0025
1609,2012-02-01,672.815
1610,2012-01-31,656.0350000000001
1611,2012-01-30,644.9425
1612,2012-01-27,650.44
1613,2012-01-26,647.9725000000001
1614,2012-01-25,638.2225000000001
1615,2012-01-24,626.38
1616,2012-01-23,616.8475000000001
1617,2012-01-20,606.1600000000001
1618,2012-01-19,599.1925
1619,2012-01-18,598.565
1620,2012-01-17,605.4100000000001
1621,2012-01-13,603.63
1622,2012-01-12,621.9725
1623,2012-01-11,639.5325
1624,2012-01-10,639.8175
1625,2012-01-09,634.565
1626,2012-01-06,628.88
1627,2012-01-05,638.4425
1628,2012-01-04,653.3175
1629,2012-01-03,662.19
1630,2012-01-02,653.13
1631,2011-12-30,648.63
1632,2011-12-29,647.6925
1633,2011-12-28,647.8775
1634,2011-12-27,637.13
1635,2011-12-26,621.75
1636,2011-12-25,621.75
1637,2011-12-23,622.2225
1638,2011-12-22,618.94
1639,2011-12-21,610.7225
1640,2011-12-20,602.69
1641,2011-12-19,592.9425
1642,2011-12-16,581.6275
1643,2011-12-15,581.7850000000001
1644,2011-12-14,591.035
1645,2011-12-13,599.505
1646,2011-12-12,594.2225
1647,2011-12-11,595.5
1648,2011-12-09,593.7225000000001
1649,2011-12-08,597.5025
1650,2011-12-07,606.755
1651,2011-12-06,610.255
1652,2011-12-05,619.5975000000001
1653,2011-12-02,621.44
1654,2011-12-01,615.0350000000001
1655,2011-11-30,616.2850000000001
1656,2011-11-29,604.3475000000001
1657,2011-11-28,595.38
1658,2011-11-25,577.72
1659,2011-11-23,586.7825
1660,2011-11-22,592.4100000000001
1661,2011-11-21,594.1925
1662,2011-11-18,594.7225000000001
1663,2011-11-17,604.0675
1664,2011-11-16,625.8475000000001
1665,2011-11-15,623.6275
1666,2011-11-14,616.0025
1667,2011-11-11,618.2525
1668,2011-11-10,632.5975000000001
1669,2011-11-09,647.41
1670,2011-11-08,648.2525
1671,2011-11-07,637.16
1672,2011-11-04,633.41
1673,2011-11-03,630.69
1674,2011-11-02,627.1925
1675,2011-11-01,625.5025
1676,2011-10-31,636.0325
1677,2011-10-30,646.2525
1678,2011-10-28,644.5975000000001
1679,2011-10-27,633.315
1680,2011-10-26,629.3475000000001
1681,2011-10-25,639.7225
1682,2011-10-24,638.7850000000001
1683,2011-10-23,632.5325
1684,2011-10-21,635.0350000000001
1685,2011-10-20,623.5975
1686,2011-10-19,625.095
1687,2011-10-18,624.5675
1688,2011-10-17,625.3475000000001
1689,2011-10-16,623.255
1690,2011-10-14,622.8475
1691,2011-10-13,620.44
1692,2011-10-12,641.1600000000001
1693,2011-10-11,637.47
1694,2011-10-10,616.63
1695,2011-10-09,609.88
1696,2011-10-07,613.3475000000001
1697,2011-10-06,623.6275
1698,2011-10-05,618.3475000000001
1699,2011-10-04,611.1275
1700,2011-10-03,611.94
1701,2011-10-02,610.9725000000001
1702,2011-09-30,632.815
1703,2011-09-29,645.0025
1704,2011-09-28,643.6575
1705,2011-09-27,656.755
1706,2011-09-26,644.845
1707,2011-09-25,646.005
1708,2011-09-23,640.9725000000001
1709,2011-09-22,648.88
1710,2011-09-21,669.785
1711,2011-09-20,677.3475
1712,2011-09-19,680.255
1713,2011-09-18,688.72
1714,2011-09-16,696.6275
1715,2011-09-15,698.4075
1716,2011-09-14,704.595
1717,2011-09-13,715.7225000000001
1718,2011-09-12,726.4725000000001
1719,2011-09-11,728.7225
1720,2011-09-09,734.1600000000001
1721,2011-09-08,744.5975000000001
1722,2011-09-07,759.5025
1723,2011-09-06,762.4725000000001
1724,2011-09-05,770.4425
1725,2011-09-02,769.255
1726,2011-09-01,775.13
1727,2011-08-31,785.8475000000001
1728,2011-08-30,788.0975000000001
1729,2011-08-29,782.72
1730,2011-08-28,766.19
1731,2011-08-26,757.8775
1732,2011-08-25,750.13
1733,2011-08-24,752.7225000000001
1734,2011-08-23,747.1275
1735,2011-08-22,737.0975000000001
1736,2011-08-21,733.0675
1737,2011-08-19,718.0975
1738,2011-08-18,714.5025
1739,2011-08-17,728.2825
1740,2011-08-16,718.2825
1741,2011-08-15,712.5975000000001
1742,2011-08-14,708.2850000000001
1743,2011-08-12,705.5350000000001
1744,2011-08-11,697.0675
1745,2011-08-10,683.7525
1746,2011-08-09,666.3175
1747,2011-08-08,661.315
1748,2011-08-07,670.44
1749,2011-08-05,674.7225
1750,2011-08-04,688.0625
1751,2011-08-03,710.5350000000001
1752,2011-08-02,696.6275
1753,2011-08-01,679.0025
1754,2011-07-31,673.0975000000001
1755,2011-07-29,685.1275
1756,2011-07-28,701.0975000000001
1757,2011-07-27,697.6275
1758,2011-07-26,689.5350000000001
1759,2011-07-25,684.5350000000001
1760,2011-07-24,684.22
1761,2011-07-22,684.1275
1762,2011-07-21,685.625
1763,2011-07-20,695.1600000000001
1764,2011-07-19,702.7825
1765,2011-07-18,686.5025
1766,2011-07-17,687.8475000000001
1767,2011-07-15,702.8475000000001
1768,2011-07-14,708.72
1769,2011-07-13,691.94
1770,2011-07-12,649.845
1771,2011-07-11,640.5675
1772,2011-07-10,651.0325
1773,2011-07-08,643.9075
1774,2011-07-07,629.5025
1775,2011-07-06,629.755
1776,2011-07-05,631.16
1777,2011-07-04,618.4425
1778,2011-07-01,607.0025
1779,2011-06-30,637.22
1780,2011-06-29,678.66
1781,2011-06-28,668.5025
1782,2011-06-27,653.0675
1783,2011-06-26,657.0325
1784,2011-06-24,642.0350000000001
1785,2011-06-23,635.1275
1786,2011-06-22,652.9725000000001
1787,2011-06-21,668.035
1788,2011-06-20,665.785
1789,2011-06-19,673.69
1790,2011-06-17,672.7225000000001
1791,2011-06-16,690.2525
1792,2011-06-15,719.69
1793,2011-06-14,734.7525
1794,2011-06-13,755.505
1795,2011-06-12,764.41
1796,2011-06-10,752.4725000000001
1797,2011-06-09,752.315
1798,2011-06-08,746.13
1799,2011-06-07,741.5675
1800,2011-06-06,759.8775
1801,2011-06-05,774.345
1802,2011-06-03,771.315
1803,2011-06-02,766.7225
1804,2011-06-01,772.66
1805,2011-05-31,789.7850000000001
1806,2011-05-30,791.44
1807,2011-05-27,817.5350000000001
1808,2011-05-26,812.94
1809,2011-05-25,792.88
1810,2011-05-24,793.125
1811,2011-05-23,806.065
1812,2011-05-22,817.505
1813,2011-05-20,806.315
1814,2011-05-19,816.8475000000001
1815,2011-05-18,796.1575
1816,2011-05-17,753.2850000000001
1817,2011-05-16,738.19
1818,2011-05-15,735.5025
1819,2011-05-13,735.0025
1820,2011-05-12,747.94
1821,2011-05-11,780.065
1822,2011-05-10,800.2850000000001
1823,2011-05-09,783.4375
1824,2011-05-08,770.315
1825,2011-05-06,756.1275
1826,2011-05-05,763.8775
1827,2011-05-04,781.9075
1828,2011-05-03,792.6275
1829,2011-05-02,802.7225000000001
1830,2011-05-01,799.1575
1831,2011-04-29,787.0675
1832,2011-04-28,794.0025
1833,2011-04-27,830.755
1834,2011-04-26,852.5025
1835,2011-04-25,855.4100000000001
1836,2011-04-24,847.2225000000001
1837,2011-04-22,834.25
1838,2011-04-21,827.19
1839,2011-04-20,827.13
1840,2011-04-19,820.0975000000001
1841,2011-04-18,797.7850000000001
1842,2011-04-17,780.2525
1843,2011-04-15,742.2825
1844,2011-04-14,749.1275
1845,2011-04-13,757.0025
1846,2011-04-12,777.1600000000001
1847,2011-04-11,800.69
1848,2011-04-10,805.66
1849,2011-04-08,785.7525
1850,2011-04-07,775.5975000000001
1851,2011-04-06,782.9725
1852,2011-04-05,787.6925
1853,2011-04-04,778.91
1854,2011-04-03,766.3475
1855,2011-04-01,759.7225000000001
1856,2011-03-31,745.3775
1857,2011-03-30,732.6275
1858,2011-03-29,731.1925
1859,2011-03-28,730.8475000000001
1860,2011-03-27,737.6600000000001
1861,2011-03-25,739.2225
1862,2011-03-24,727.4100000000001
1863,2011-03-23,718.66
1864,2011-03-22,719.7825
1865,2011-03-21,727.9725000000001
1866,2011-03-20,731.0675
1867,2011-03-18,726.0350000000001
1868,2011-03-17,693.1925
1869,2011-03-16,676.41
1870,2011-03-15,696.815
1871,2011-03-14,717.5975000000001
1872,2011-03-13,715.7225000000001
1873,2011-03-11,724.8475000000001
1874,2011-03-10,750.565
1875,2011-03-09,770.0675
1876,2011-03-08,791.0975
1877,2011-03-07,815.7850000000001
1878,2011-03-04,826.1275
1879,2011-03-03,816.13
1880,2011-03-02,811.88
1881,2011-03-01,812.6600000000001
1882,2011-02-28,813.9725000000001
1883,2011-02-25,802.505
1884,2011-02-24,790.4425
1885,2011-02-23,787.44
1886,2011-02-22,829.9425
1887,2011-02-18,869.095
1888,2011-02-17,877.3125
1889,2011-02-16,838.8475000000001
1890,2011-02-15,854.44
1891,2011-02-14,875.505
1892,2011-02-11,865.0675
1893,2011-02-10,873.565
1894,2011-02-09,883.2825
1895,2011-02-08,864.6600000000001
1896,2011-02-07,860.255
1897,2011-02-04,855.285
1898,2011-02-03,860.1600000000001
1899,2011-02-02,849.7225000000001
1900,2011-02-01,838.8475000000001
1901,2011-01-31,833.38
1902,2011-01-28,836.4425
1903,2011-01-27,853.63
1904,2011-01-26,849.5350000000001
1905,2011-01-25,833.5675
1906,2011-01-24,831.9100000000001
1907,2011-01-23,824.63
1908,2011-01-21,814.6275
1909,2011-01-20,797.1275
1910,2011-01-19,798.0975000000001
1911,2011-01-18,784.1925
1912,2011-01-17,773.38
1913,2011-01-14,776.5025
1914,2011-01-13,778.4425
1915,2011-01-12,771.38
1916,2011-01-11,766.13
1917,2011-01-10,773.3475000000001
1918,2011-01-07,781.6600000000001
1919,2011-01-06,798.6575
1920,2011-01-05,797.4425
1921,2011-01-04,795.845
1922,2011-01-03,804.0025
1923,2010-12-31,788.88
1924,2010-12-30,789.7825
1925,2010-12-29,797.8475000000001
1926,2010-12-28,790.065
1927,2010-12-27,776.3775
1928,2010-12-24,782.63
1929,2010-12-23,783.1925
1930,2010-12-22,772.1600000000001
1931,2010-12-21,767.2225000000001
1932,2010-12-20,766.5975000000001
1933,2010-12-17,752.565
1934,2010-12-16,756.815
1935,2010-12-15,765.2525
1936,2010-12-14,769.4100000000001
1937,2010-12-13,776.3775
1938,2010-12-12,775.38
1939,2010-12-10,784.1600000000001
1940,2010-12-09,786.065
1941,2010-12-08,780.88
1942,2010-12-07,791.065
1943,2010-12-06,788.315
1944,2010-12-03,768.2850000000001
1945,2010-12-02,747.5975000000001
1946,2010-12-01,716.8175
1947,2010-11-30,691.4725000000001
1948,2010-11-29,692.2225000000001
1949,2010-11-26,687.3475000000001
1950,2010-11-24,684.44
1951,2010-11-23,682.44
1952,2010-11-22,684.7525
1953,2010-11-19,666.6275
1954,2010-11-18,642.8475000000001
1955,2010-11-17,631.5975000000001
1956,2010-11-16,648.91
1957,2010-11-15,674.2850000000001
1958,2010-11-12,686.38
1959,2010-11-11,709.2525
1960,2010-11-10,713.2525
1961,2010-11-09,733.565
1962,2010-11-08,731.7225000000001
1963,2010-11-05,721.5675
1964,2010-11-04,707.7525
1965,2010-11-03,692.69
1966,2010-11-02,701.8175
1967,2010-11-01,715.8175
1968,2010-10-31,724.8475000000001
1969,2010-10-29,717.7525
1970,2010-10-28,711.44
1971,2010-10-27,699.6925
1972,2010-10-26,686.69
1973,2010-10-25,676.44
1974,2010-10-24,672.3775
1975,2010-10-22,670.5675
1976,2010-10-21,680.5675
1977,2010-10-20,683.095
1978,2010-10-19,683.3475
1979,2010-10-18,699.1925
1980,2010-10-17,704.1275
1981,2010-10-15,704.255
1982,2010-10-14,705.3475
1983,2010-10-13,708.815
1984,2010-10-12,710.8775
1985,2010-10-11,717.5350000000001
1986,2010-10-10,729.315
1987,2010-10-08,689.9725
1988,2010-10-07,663.69
1989,2010-10-06,663.8475000000001
1990,2010-10-05,656.7525
1991,2010-10-04,650.2825
1992,2010-10-03,651.41
1993,2010-10-01,663.6600000000001
1994,2010-09-30,673.755
1995,2010-09-29,680.1275
1996,2010-09-28,694.8775
1997,2010-09-27,715.315
1998,2010-09-26,725.0675
1999,2010-09-24,709.755
2000,2010-09-23,706.3175
2001,2010-09-22,721.0975000000001
2002,2010-09-21,725.4725000000001
2003,2010-09-20,738.8775
2004,2010-09-19,741.9100000000001
2005,2010-09-17,732.7225
2006,2010-09-16,725.9100000000001
2007,2010-09-15,733.7525
2008,2010-09-14,741.4100000000001
2009,2010-09-13,742.7525
2010,2010-09-12,735.9425
2011,2010-09-10,733.44
2012,2010-09-09,724.3175
2013,2010-09-08,722.6275
2014,2010-09-07,737.2850000000001
2015,2010-09-06,741.97
2016,2010-09-05,741.13
2017,2010-09-03,728.19
2018,2010-09-02,713.3775
2019,2010-09-01,699.2525
2020,2010-08-31,697.2850000000001
2021,2010-08-30,708.2525
2022,2010-08-29,699.7825
2023,2010-08-27,694.9725000000001
2024,2010-08-26,690.8475000000001
2025,2010-08-25,696.4100000000001
2026,2010-08-24,712.5325
2027,2010-08-23,719.19
2028,2010-08-22,711.8775
2029,2010-08-20,717.19
2030,2010-08-19,694.1600000000001
2031,2010-08-18,656.815
2032,2010-08-17,661.8775
2033,2010-08-16,681.285
2034,2010-08-15,697.315
2035,2010-08-13,711.0975000000001
2036,2010-08-12,709.19
2037,2010-08-11,697.065
2038,2010-08-10,705.88
2039,2010-08-09,707.035
2040,2010-08-08,707.2850000000001
2041,2010-08-06,777.0975000000001
2042,2010-08-05,773.1925
2043,2010-08-04,703.8775
2044,2010-08-03,685.9725000000001
2045,2010-08-02,681.9725
2046,2010-08-01,661.1575
2047,2010-07-30,647.2850000000001
2048,2010-07-27,591.44
2049,2010-07-26,589.91
2050,2010-07-25,596.25
2051,2010-07-23,596.595
2052,2010-07-22,593.285
2053,2010-07-21,582.3775
2054,2010-07-20,576.565
2055,2010-07-19,586.1275
2056,2010-07-18,589.8175
2057,2010-07-16,590.4075
2058,2010-07-15,576.7850000000001
2059,2010-07-14,554.13
2060,2010-07-13,541.1925
2061,2010-07-12,536.1275
2062,2010-07-11,536.4075
2063,2010-07-09,540.1925
2064,2010-07-08,537.0325
2065,2010-07-07,518.845
2066,2010-07-06,510.44000000000005
2067,2010-07-05,502.88
2068,2010-07-04,502.63
2069,2010-07-02,501.13
2070,2010-07-01,488.8175
2071,2010-06-30,471.28499999999997
2072,2010-06-29,457.34749999999997
2073,2010-06-28,465.03499999999997
2074,2010-06-25,474.65999999999997
2075,2010-06-24,478.65999999999997
2076,2010-06-23,477.34749999999997
2077,2010-06-22,476.13
2078,2010-06-21,479.65999999999997
2079,2010-06-18,478.815
2080,2010-06-17,468.15999999999997
2081,2010-06-16,458.0675
2082,2010-06-15,451.22249999999997
2083,2010-06-14,449.25250000000005
2084,2010-06-13,444.6925
2085,2010-06-11,437.56500000000005
2086,2010-06-10,431.40999999999997
2087,2010-06-09,430.255
2088,2010-06-08,433.38
2089,2010-06-07,434.5675
2090,2010-06-06,435.5675
2091,2010-06-04,439.6925
2092,2010-06-03,444.22
2093,2010-06-02,448.0675
2094,2010-06-01,455.0025
2095,2010-05-31,458.22249999999997
2096,2010-05-30,457.63
2097,2010-05-28,464.3175
2098,2010-05-27,466.53499999999997
2099,2010-05-26,463.4425
2100,2010-05-25,462.94
2101,2010-05-24,469.8175
2102,2010-05-23,472.565
2103,2010-05-21,470.40999999999997
2104,2010-05-20,467.90999999999997
2105,2010-05-19,468.7825
2106,2010-05-18,469.13
2107,2010-05-17,470.34749999999997
2108,2010-05-16,471.0675
2109,2010-05-14,476.255
2110,2010-05-13,485.47249999999997
2111,2010-05-12,495.565
2112,2010-05-11,493.47249999999997
2113,2010-05-10,501.97249999999997
2114,2010-05-09,509.22249999999997
2115,2010-05-07,506.87750000000005
2116,2010-05-06,507.4725000000001
2117,2010-05-05,510.13
2118,2010-05-04,504.81500000000005
2119,2010-05-03,500.37750000000005
2120,2010-04-30,499.6925
2121,2010-04-29,495.28499999999997
2122,2010-04-28,489.4425
2123,2010-04-27,488.90999999999997
2124,2010-04-26,498.63
2125,2010-04-25,504.565
2126,2010-04-23,507.34749999999997
2127,2010-04-22,503.2525
2128,2010-04-21,498.59749999999997
2129,2010-04-20,490.40999999999997
2130,2010-04-19,490.22249999999997
2131,2010-04-18,499.9425
2132,2010-04-16,484.65999999999997
2133,2010-04-15,477.62750000000005
2134,2010-04-14,475.6925
2135,2010-04-13,470.5675
2136,2010-04-12,468.40999999999997
2137,2010-04-09,470.90999999999997
2138,2010-04-08,469.90999999999997
2139,2010-04-07,467.90999999999997
2140,2010-04-06,458.72249999999997
2141,2010-04-05,452.40999999999997
2142,2010-04-01,453.22249999999997
2143,2010-03-31,461.81500000000005
2144,2010-03-30,469.13
2145,2010-03-29,465.6925
2146,2010-03-26,465.59749999999997
2147,2010-03-25,470.755
2148,2010-03-24,475.28499999999997
2149,2010-03-23,480.97249999999997
2150,2010-03-22,486.6925
2151,2010-03-19,486.97
2152,2010-03-18,488.88
2153,2010-03-17,491.8175
2154,2010-03-16,485.13
2155,2010-03-15,482.005
2156,2010-03-12,483.005
2157,2010-03-11,478.4425
2158,2010-03-10,485.1925
2159,2010-03-09,491.5675
2160,2010-03-08,494.88
2161,2010-03-05,500.28499999999997
2162,2010-03-04,508.755
2163,2010-03-03,510.25250000000005
2164,2010-03-02,504.19
2165,2010-03-01,510.6275
2166,2010-02-26,511.50250000000005
2167,2010-02-25,508.4425
2168,2010-02-24,510.4425
2169,2010-02-23,509.88
2170,2010-02-22,508.28499999999997
2171,2010-02-19,486.255
2172,2010-02-18,490.8175
2173,2010-02-17,497.9425
2174,2010-02-16,502.755
2175,2010-02-12,484.4075
2176,2010-02-11,493.65999999999997
2177,2010-02-10,490.8175
2178,2010-02-09,482.97249999999997
2179,2010-02-08,482.755
2180,2010-02-05,473.81500000000005
2181,2010-02-04,472.88
2182,2010-02-03,477.37750000000005
2183,2010-02-02,485.0325
2184,2010-02-01,476.65999999999997
2185,2010-01-31,473.13
2186,2010-01-29,480.13
2187,2010-01-28,486.09749999999997
2188,2010-01-27,488.47249999999997
2189,2010-01-26,495.0325
2190,2010-01-25,499.15999999999997
2191,2010-01-22,498.88
2192,2010-01-21,498.03499999999997
2193,2010-01-20,493.255
2194,2010-01-19,504.0025
2195,2010-01-18,509.88
2196,2010-01-15,518.38
2197,2010-01-14,530.755
2198,2010-01-13,532.63
2199,2010-01-12,551.815
2200,2010-01-11,570.19
2201,2010-01-08,562.0675
2202,2010-01-07,561.7525
2203,2010-01-06,559.66
2204,2010-01-05,555.5675
2205,2010-01-04,550.065
2206,2010-01-01,540.75
2207,2009-12-31,543.8175
2208,2009-12-30,543.7525
2209,2009-12-29,546.16
2210,2009-12-28,538.1275
2211,2009-12-25,525.75
2212,2009-12-24,526.5025
2213,2009-12-23,525.94
2214,2009-12-22,520.565
2215,2009-12-21,523.755
2216,2009-12-20,527.13
2217,2009-12-18,523.4425
2218,2009-12-17,528.9425
2219,2009-12-16,536.4725
2220,2009-12-15,540.005
2221,2009-12-14,540.9100000000001
2222,2009-12-13,538.0
2223,2009-12-11,537.44
2224,2009-12-10,536.13
2225,2009-12-09,537.755
2226,2009-12-08,542.8475000000001
2227,2009-12-07,552.5675
2228,2009-12-06,557.63
2229,2009-12-04,562.8175
2230,2009-12-03,573.9725
2231,2009-12-02,578.8175
2232,2009-12-01,587.065
2233,2009-11-30,582.065
2234,2009-11-29,569.13
2235,2009-11-27,567.315
2236,2009-11-25,566.41
2237,2009-11-24,565.5675
2238,2009-11-23,584.0350000000001
2239,2009-11-22,579.5
2240,2009-11-20,559.3175
2241,2009-11-19,562.5975
2242,2009-11-18,571.9725000000001
2243,2009-11-17,565.595
2244,2009-11-16,551.2525
2245,2009-11-15,539.5
2246,2009-11-13,535.505
2247,2009-11-12,531.3475
2248,2009-11-11,528.13
2249,2009-11-10,516.9100000000001
2250,2009-11-09,509.84749999999997
2251,2009-11-08,497.88
2252,2009-11-06,504.6925
2253,2009-11-05,516.6575
2254,2009-11-04,518.2525
2255,2009-11-02,506.1925
2256,2009-11-01,493.63
2257,2009-10-30,497.63
2258,2009-10-29,500.8175
2259,2009-10-28,497.97249999999997
2260,2009-10-27,515.065
2261,2009-10-26,539.755
2262,2009-10-25,547.38
2263,2009-10-23,555.19
2264,2009-10-22,547.9100000000001
2265,2009-10-21,532.1275
2266,2009-10-20,518.0025
2267,2009-10-19,508.7825
2268,2009-10-18,497.5
2269,2009-10-16,501.34749999999997
2270,2009-10-15,507.25250000000005
2271,2009-10-14,515.0025
